priority,part,name,section,suggested_source,raw
"P0","高速铁路","安九高铁","3. 京港（台）通道","hsr-rails 或 OSM","安九高铁（安庆-九江，350km/h）"
"P0","高速铁路","包西铁路扩能","2. 京兰通道","hsr-rails 或 OSM","包西铁路扩能（包头-西安段）"
"P0","高速铁路","昌赣高铁","3. 京港（台）通道","hsr-rails 或 OSM","昌赣高铁（南昌-赣州，350km/h）"
"P0","高速铁路","昌九城际","3. 京港（台）通道","hsr-rails 或 OSM","昌九城际（南昌-九江，250km/h）"
"P0","高速铁路","常益长高铁","5. 呼南通道","hsr-rails 或 OSM","常益长高铁（常德-益阳-长沙，350km/h）"
"P0","高速铁路","大张高铁","5. 呼南通道","hsr-rails 或 OSM","大张高铁（大同-张家口，250km/h）"
"P0","高速铁路","赣龙铁路","7. 厦渝通道","hsr-rails 或 OSM","赣龙铁路（赣州-龙岩，200km/h）"
"P0","高速铁路","赣深高铁","3. 京港（台）通道","hsr-rails 或 OSM","赣深高铁（赣州-深圳，350km/h）"
"P0","高速铁路","广西沿海铁路","1. 沿海通道","hsr-rails 或 OSM","广西沿海铁路（南宁-钦州-防城港-北海）"
"P0","高速铁路","广湛高铁","7. 包（银）海通道","hsr-rails 或 OSM","广湛高铁（广州-湛江，350km/h，2025年底通车）"
"P0","高速铁路","哈齐高铁","1. 绥满通道","hsr-rails 或 OSM","哈齐高铁（哈尔滨-齐齐哈尔，250km/h）"
"P0","高速铁路","哈秦段","4. 京哈～京港澳通道","hsr-rails 或 OSM","哈秦段（京哈高铁哈尔滨-沈阳-秦皇岛段，250-350km/h）"
"P0","高速铁路","汉宜铁路","5. 沿江通道","hsr-rails 或 OSM","汉宜铁路（武汉-宜昌，200km/h）"
"P0","高速铁路","杭衢高铁","6. 沪昆通道","hsr-rails 或 OSM","杭衢高铁（杭州-衢州，350km/h，2025年底通车）"
"P0","高速铁路","杭甬高铁","1. 沿海通道","hsr-rails 或 OSM","杭甬高铁（杭州-宁波，350km/h）"
"P0","高速铁路","合蚌高铁","2. 京沪通道","hsr-rails 或 OSM","合蚌高铁（合肥-蚌埠，350km/h）"
"P0","高速铁路","合宁铁路","5. 沿江通道","hsr-rails 或 OSM","合宁铁路（合肥-南京，250km/h）"
"P0","高速铁路","合武铁路","5. 沿江通道","hsr-rails 或 OSM","合武铁路（合肥-武汉，250km/h）"
"P0","高速铁路","呼张高铁","5. 呼南通道","hsr-rails 或 OSM","呼张高铁（呼和浩特-张家口，250km/h）"
"P0","高速铁路","呼准鄂铁路","2. 京兰通道","hsr-rails 或 OSM","呼准鄂铁路（呼和浩特-准格尔-鄂尔多斯，200km/h）"
"P0","高速铁路","沪宁城际","2. 京沪通道","hsr-rails 或 OSM","沪宁城际（上海-南京，350km/h）"
"P0","高速铁路","沪苏湖高铁","5. 沿江通道","hsr-rails 或 OSM","沪苏湖高铁（上海-苏州-湖州，350km/h）"
"P0","高速铁路","济青高铁","3. 青银通道","hsr-rails 或 OSM","济青高铁（济南-青岛，350km/h）"
"P0","高速铁路","津秦高铁","1. 沿海通道","hsr-rails 或 OSM","津秦高铁（天津-秦皇岛，350km/h）"
"P0","高速铁路","京津城际","2. 京沪通道","hsr-rails 或 OSM","京津城际（北京-天津，350km/h，中国首条高铁）"
"P0","高速铁路","京沈高铁","4. 京哈～京港澳通道","hsr-rails 或 OSM","京沈高铁（北京-沈阳，350km/h）"
"P0","高速铁路","连镇高铁","1. 沿海通道","hsr-rails 或 OSM","连镇高铁（连云港-镇江，250km/h）"
"P0","高速铁路","龙厦铁路","7. 厦渝通道","hsr-rails 或 OSM","龙厦铁路（龙岩-厦门，200km/h）"
"P0","高速铁路","茂湛铁路","1. 沿海通道","hsr-rails 或 OSM","茂湛铁路（茂名-湛江，200km/h）"
"P0","高速铁路","牡绥铁路","1. 绥满通道","hsr-rails 或 OSM","牡绥铁路（牡丹江-绥芬河，200km/h）"
"P0","高速铁路","南广铁路","7. 包（银）海通道","hsr-rails 或 OSM","南广铁路（南宁-广州，250km/h）"
"P0","高速铁路","盘兴高铁","8. 广昆通道","hsr-rails 或 OSM","盘兴高铁（盘州-兴义，250km/h，2025年通车）"
"P0","高速铁路","盘营高铁","1. 沿海通道","hsr-rails 或 OSM","盘营高铁（盘锦-营口，350km/h）"
"P0","高速铁路","黔张常铁路","7. 厦渝通道","hsr-rails 或 OSM","黔张常铁路（黔江-张家界-常德，200km/h）"
"P0","高速铁路","秦沈客专","1. 沿海通道","hsr-rails 或 OSM","秦沈客专（秦皇岛-沈阳，250km/h）"
"P0","高速铁路","青连铁路","4. 陆桥通道","hsr-rails 或 OSM","青连铁路（青岛-连云港，200km/h）"
"P0","高速铁路","青盐铁路","1. 沿海通道","hsr-rails 或 OSM","青盐铁路（青岛-盐城，200km/h）"
"P0","高速铁路","深茂铁路","1. 沿海通道","hsr-rails 或 OSM","深茂铁路（深圳-茂名，200km/h）"
"P0","高速铁路","石济客专","3. 青银通道","hsr-rails 或 OSM","石济客专（石家庄-济南，250km/h）"
"P0","高速铁路","石太客专","3. 青银通道","hsr-rails 或 OSM","石太客专（石家庄-太原，250km/h）"
"P0","高速铁路","太焦高铁","5. 呼南通道","hsr-rails 或 OSM","太焦高铁（太原-焦作，250km/h）"
"P0","高速铁路","太中银铁路","3. 青银通道","hsr-rails 或 OSM","太中银铁路（太原-中卫-银川，160km/h）"
"P0","高速铁路","潍烟高铁","1. 沿海通道","hsr-rails 或 OSM","潍烟高铁（潍坊-烟台，350km/h）"
"P0","高速铁路","温福铁路","1. 沿海通道","hsr-rails 或 OSM","温福铁路（温州-福州，250km/h）"
"P0","高速铁路","湘桂铁路扩能","5. 呼南通道","hsr-rails 或 OSM","湘桂铁路扩能（衡阳-南宁，200km/h）"
"P0","高速铁路","向莆铁路","3. 京港（台）通道","hsr-rails 或 OSM","向莆铁路（抚州-莆田，200km/h）"
"P0","高速铁路","甬台温铁路","1. 沿海通道","hsr-rails 或 OSM","甬台温铁路（宁波-台州-温州，250km/h）"
"P0","高速铁路","渝万城际","5. 沿江通道","hsr-rails 或 OSM","渝万城际（重庆-万州，250km/h）"
"P0","高速铁路","郑焦城际","5. 呼南通道","hsr-rails 或 OSM","郑焦城际（郑州-焦作，200km/h）"
"P0","快速铁路","沪通铁路","【福建地区】","OSM（多客货共线）","沪通铁路（上海-南通，200km/h）"
"P0","快速铁路","兰青铁路","【福建地区】","OSM（多客货共线）","兰青铁路（兰州-西宁，160km/h）"
"P0","快速铁路","宁启铁路","【福建地区】","OSM（多客货共线）","宁启铁路（南京-南通-启东，200km/h）"
"P0","快速铁路","宁蓉铁路","【福建地区】","OSM（多客货共线）","宁蓉铁路（南京-合肥-武汉-重庆-成都，200km/h）"
"P0","快速铁路","湘桂铁路","【福建地区】","OSM（多客货共线）","湘桂铁路（衡阳-南宁，200km/h）"
"P0","快速铁路","渝怀铁路","【福建地区】","OSM（多客货共线）","渝怀铁路（重庆-怀化，120-160km/h）"
"P0","普速铁路","包兰线","西北地区","OSM（禁止 hsr）","包兰线（包头—兰州）"
"P0","普速铁路","滨洲线","东北地区","OSM（禁止 hsr）","滨洲线（哈尔滨—满洲里，935公里）"
"P0","普速铁路","沪昆线","3. 沪昆线（上海—昆明）","OSM（禁止 hsr）","3. 沪昆线（上海—昆明）"
"P0","普速铁路","焦柳线","中南地区","OSM（禁止 hsr）","焦柳线（焦作—柳州）"
"P0","普速铁路","京广线","4. 京广线（北京—广州）","OSM（禁止 hsr）","4. 京广线（北京—广州）"
"P0","普速铁路","京哈线","1. 京哈线（北京—哈尔滨）","OSM（禁止 hsr）","1. 京哈线（北京—哈尔滨）"
"P0","普速铁路","京沪线","2. 京沪线（北京—上海）","OSM（禁止 hsr）","2. 京沪线（北京—上海）"
"P0","普速铁路","京九线","3. 京九线（北京—香港九龙）","OSM（禁止 hsr）","3. 京九线（北京—香港九龙）"
"P0","普速铁路","兰新线","西北地区","OSM（禁止 hsr）","兰新线（兰州—乌鲁木齐—阿拉山口）"
"P0","普速铁路","陇海—兰新线","2. 陇海—兰新线（连云港—乌鲁木齐）","OSM（禁止 hsr）","2. 陇海—兰新线（连云港—乌鲁木齐）"
"P0","普速铁路","陇海线","西北地区","OSM（禁止 hsr）","陇海线（连云港—兰州）"
"P0","普速铁路","宁西线","中南地区","OSM（禁止 hsr）","宁西线（南京—西安）"
"P0","普速铁路","同蒲—太焦—焦柳线","5. 同蒲—太焦—焦柳线（大同—柳州）","OSM（禁止 hsr）","5. 同蒲—太焦—焦柳线（大同—柳州）"
"P0","普速铁路","同蒲线","华北地区","OSM（禁止 hsr）","同蒲线（大同—风陵渡，含北同蒲、南同蒲）"
"P0","普速铁路","襄渝线","中南地区","OSM（禁止 hsr）","襄渝线（襄阳—重庆）"
"P0","普速铁路","鹰厦线","华东地区","OSM（禁止 hsr）","鹰厦线（鹰潭—厦门，694公里）"
"P1","快速铁路","北阿铁路","【福建地区】","OSM（多客货共线）","北阿铁路（北屯-阿勒泰）"
"P1","快速铁路","达成铁路","【福建地区】","OSM（多客货共线）","达成铁路（达州-成都，160-200km/h）"
"P1","快速铁路","额哈铁路","【福建地区】","OSM（多客货共线）","额哈铁路（额济纳-哈密）"
"P1","快速铁路","赣瑞龙铁路","【福建地区】","OSM（多客货共线）","赣瑞龙铁路（赣州-瑞金-龙岩，200km/h）"
"P1","快速铁路","邯黄铁路","【福建地区】","OSM（多客货共线）","邯黄铁路（邯郸-黄骅，货运为主）"
"P1","快速铁路","衡柳铁路","【福建地区】","OSM（多客货共线）","衡柳铁路（衡阳-柳州，200km/h）"
"P1","快速铁路","奎北铁路","【福建地区】","OSM（多客货共线）","奎北铁路（奎屯-北屯，160km/h）"
"P1","快速铁路","柳南城际","【福建地区】","OSM（多客货共线）","柳南城际（柳州-南宁，200km/h）"
"P1","快速铁路","黔桂铁路","【福建地区】","OSM（多客货共线）","黔桂铁路（贵阳-柳州，140km/h）"
"P1","快速铁路","遂渝铁路","【福建地区】","OSM（多客货共线）","遂渝铁路（遂宁-重庆，200km/h）"
"P1","快速铁路","铜九铁路","【福建地区】","OSM（多客货共线）","铜九铁路（铜陵-九江，160km/h）"
"P1","快速铁路","武九客运专线","【福建地区】","OSM（多客货共线）","武九客运专线（武汉-九江，250km/h）"
"P1","城际铁路","成绵乐城际铁路","四、成渝城市群城际铁路网","hsr-rails 或 OSM","成绵乐城际铁路（成都-绵阳-峨眉山，300km/h）"
"P1","城际铁路","广深城际铁路","三、珠三角城际铁路网","hsr-rails 或 OSM","广深城际铁路（广州-东莞-深圳，200km/h，2025年提质改造完成）"
"P1","城际铁路","广珠城际铁路","三、珠三角城际铁路网","hsr-rails 或 OSM","广珠城际铁路（广州-珠海，200km/h）"
"P1","城际铁路","汉十高铁","【华中地区】","hsr-rails 或 OSM","汉十高铁（武汉-十堰，350km/h）"
"P1","城际铁路","胶济客运专线","【山东半岛城市群】","hsr-rails 或 OSM","胶济客运专线（济南-青岛，250km/h）"
"P1","城际铁路","宁安城际铁路","二、长三角城际铁路网","hsr-rails 或 OSM","宁安城际铁路（南京-安庆，250km/h）"
"P1","城际铁路","长珲城际","【东北地区】","hsr-rails 或 OSM","长珲城际（长春-吉林-延吉-珲春，250km/h）"
"P1","城际铁路","郑开城际","【中原城市群】","hsr-rails 或 OSM","郑开城际（郑州-开封，200km/h）"
"P1","普速铁路","宝中线","西北地区","OSM（禁止 hsr）","宝中线（宝鸡—中卫）"
"P1","普速铁路","北疆线","西北地区","OSM（禁止 hsr）","北疆线（乌鲁木齐—阿拉山口）"
"P1","普速铁路","滨绥线","东北地区","OSM（禁止 hsr）","滨绥线（哈尔滨—绥芬河，548公里）"
"P1","普速铁路","成渝线","西南地区","OSM（禁止 hsr）","成渝线（成都—重庆，505公里）"
"P1","普速铁路","川黔线","西南地区","OSM（禁止 hsr）","川黔线（重庆—贵阳，463公里）"
"P1","普速铁路","达万线","西南地区","OSM（禁止 hsr）","达万线（达州—万州）"
"P1","普速铁路","敦煌线","西北地区","OSM（禁止 hsr）","敦煌线（敦煌—格尔木）"
"P1","普速铁路","阜淮线","华东地区","OSM（禁止 hsr）","阜淮线（阜阳—淮南）"
"P1","普速铁路","干武线","西北地区","OSM（禁止 hsr）","干武线（干塘—武威）"
"P1","普速铁路","广茂线","中南地区","OSM（禁止 hsr）","广茂线（广州—茂名）"
"P1","普速铁路","广梅汕线","中南地区","OSM（禁止 hsr）","广梅汕线（广州—梅州—汕头）"
"P1","普速铁路","贵昆线","西南地区","OSM（禁止 hsr）","贵昆线（贵阳—昆明，639公里）"
"P1","普速铁路","汉丹线","中南地区","OSM（禁止 hsr）","汉丹线（武汉—丹江口）"
"P1","普速铁路","河茂线","中南地区","OSM（禁止 hsr）","河茂线（河唇—茂名）"
"P1","普速铁路","侯西线","西北地区","OSM（禁止 hsr）","侯西线（侯马—西安）"
"P1","普速铁路","淮南线","华东地区","OSM（禁止 hsr）","淮南线（淮南—芜湖）"
"P1","普速铁路","集二线","华北地区","OSM（禁止 hsr）","集二线（集宁—二连浩特）"
"P1","普速铁路","嘉镜线","西北地区","OSM（禁止 hsr）","嘉镜线（嘉峪关—镜铁山）"
"P1","普速铁路","京通线","华北地区","OSM（禁止 hsr）","京通线（北京—通辽）"
"P1","普速铁路","京原线","华北地区","OSM（禁止 hsr）","京原线（北京—原平）"
"P1","普速铁路","拉滨线","东北地区","OSM（禁止 hsr）","拉滨线（拉法—哈尔滨）"
"P1","普速铁路","来福线","华东地区","OSM（禁止 hsr）","来福线（龙岩—福州）"
"P1","普速铁路","蓝烟线","华东地区","OSM（禁止 hsr）","蓝烟线（蓝村—烟台）"
"P1","普速铁路","黎湛线","中南地区","OSM（禁止 hsr）","黎湛线（黎塘—湛江）"
"P1","普速铁路","漯宝线","中南地区","OSM（禁止 hsr）","漯宝线（漯河—宝丰）"
"P1","普速铁路","牡图线","东北地区","OSM（禁止 hsr）","牡图线（牡丹江—图们）"
"P1","普速铁路","南昆线","西南地区","OSM（禁止 hsr）","南昆线（南宁—昆明，898公里）"
"P1","普速铁路","内昆线","西南地区","OSM（禁止 hsr）","内昆线（内江—昆明）"
"P1","普速铁路","宁芜线","华东地区","OSM（禁止 hsr）","宁芜线（南京—芜湖）"
"P1","普速铁路","平齐线","东北地区","OSM（禁止 hsr）","平齐线（四平—齐齐哈尔）"
"P1","普速铁路","沈丹线","东北地区","OSM（禁止 hsr）","沈丹线（沈阳—丹东，277公里）"
"P1","普速铁路","石德线","华北地区","OSM（禁止 hsr）","石德线（石家庄—德州）"
"P1","普速铁路","通让线","东北地区","OSM（禁止 hsr）","通让线（通辽—让湖路）"
"P1","普速铁路","皖赣线","华东地区","OSM（禁止 hsr）","皖赣线（芜湖—贵溪）"
"P1","普速铁路","武大线","中南地区","OSM（禁止 hsr）","武大线（武昌—大冶）"
"P1","普速铁路","西康线","西南地区","OSM（禁止 hsr）","西康线（西安—安康）"
"P1","普速铁路","西平线","西北地区","OSM（禁止 hsr）","西平线（西安—平凉）"
"P1","普速铁路","新长线","华东地区","OSM（禁止 hsr）","新长线（新沂—长兴）"
"P1","普速铁路","宣杭线","华东地区","OSM（禁止 hsr）","宣杭线（宣城—杭州）"
"P1","普速铁路","阳安线","西南地区","OSM（禁止 hsr）","阳安线（阳平关—安康）"
"P1","普速铁路","漳泉肖线","华东地区","OSM（禁止 hsr）","漳泉肖线（漳州—泉州—肖厝）"
"P1","普速铁路","长图线","东北地区","OSM（禁止 hsr）","长图线（长春—图们，529公里）"
"P1","普速铁路","枝柳线","中南地区","OSM（禁止 hsr）","枝柳线（枝城—柳州）"
"P2","城际铁路","成雅铁路","四、成渝城市群城际铁路网","hsr-rails 或 OSM","成雅铁路（成都-雅安，200km/h）"
"P2","城际铁路","崇礼铁路","一、京津冀城际铁路网","hsr-rails 或 OSM","崇礼铁路（张家口-崇礼，250km/h）"
"P2","城际铁路","川南城际铁路","四、成渝城市群城际铁路网","hsr-rails 或 OSM","川南城际铁路（内江-自贡-泸州）"
"P2","城际铁路","佛莞城际铁路","三、珠三角城际铁路网","hsr-rails 或 OSM","佛莞城际铁路（佛山-东莞，200km/h）"
"P2","城际铁路","广惠城际铁路","三、珠三角城际铁路网","hsr-rails 或 OSM","广惠城际铁路（广州-惠州，200km/h）"
"P2","城际铁路","广清城际铁路","三、珠三角城际铁路网","hsr-rails 或 OSM","广清城际铁路（广州-清远，200km/h）"
"P2","城际铁路","广肇城际铁路","三、珠三角城际铁路网","hsr-rails 或 OSM","广肇城际铁路（广州-佛山-肇庆，200km/h）"
"P2","城际铁路","广州东环城际铁路","三、珠三角城际铁路网","hsr-rails 或 OSM","广州东环城际铁路（番禺-白云机场北，200km/h，2025年通车）"
"P2","城际铁路","哈佳铁路","【东北地区】","hsr-rails 或 OSM","哈佳铁路（哈尔滨-佳木斯，200km/h）"
"P2","城际铁路","合杭城际","二、长三角城际铁路网","hsr-rails 或 OSM","合杭城际（合肥-杭州，350km/h）"
"P2","城际铁路","金建高铁","二、长三角城际铁路网","hsr-rails 或 OSM","金建高铁（金华-建德，250km/h）"
"P2","城际铁路","京滨城际铁路","一、京津冀城际铁路网","hsr-rails 或 OSM","京滨城际铁路（北京-天津滨海，250-350km/h）"
"P2","城际铁路","京唐城际铁路","一、京津冀城际铁路网","hsr-rails 或 OSM","京唐城际铁路（北京通州-唐山，350km/h，2025年底全线通车）"
"P2","城际铁路","京雄城际铁路","一、京津冀城际铁路网","hsr-rails 或 OSM","京雄城际铁路（北京-雄安，350km/h）"
"P2","城际铁路","龙漳铁路","【福建地区】","hsr-rails 或 OSM","龙漳铁路（龙岩-漳州，200km/h）"
"P2","城际铁路","鲁南高铁","【山东半岛城市群】","hsr-rails 或 OSM","鲁南高铁（日照-临沂-曲阜-菏泽-兰考，350km/h）"
"P2","城际铁路","牡佳高铁","【东北地区】","hsr-rails 或 OSM","牡佳高铁（牡丹江-佳木斯，250km/h）"
"P2","城际铁路","南龙铁路","【福建地区】","hsr-rails 或 OSM","南龙铁路（南平-龙岩，200km/h）"
"P2","城际铁路","潍莱高铁","【山东半岛城市群】","hsr-rails 或 OSM","潍莱高铁（潍坊-莱西，350km/h）"
"P2","城际铁路","武冈城际","【华中地区】","hsr-rails 或 OSM","武冈城际（武汉-黄冈，200km/h）"
"P2","城际铁路","武石城际","【华中地区】","hsr-rails 或 OSM","武石城际（武汉-黄石，200km/h）"
"P2","城际铁路","武咸城际","【华中地区】","hsr-rails 或 OSM","武咸城际（武汉-咸宁，200km/h）"
"P2","城际铁路","武孝城际","【华中地区】","hsr-rails 或 OSM","武孝城际（武汉-孝感，200km/h）"
"P2","城际铁路","郑机城际","【中原城市群】","hsr-rails 或 OSM","郑机城际（郑州-新郑机场，200km/h）"
"P3","城际铁路","成灌铁路","四、成渝城市群城际铁路网","hsr-rails 或 OSM","成灌铁路（成都-都江堰-青城山，200km/h）"
"P3","城际铁路","成蒲铁路","四、成渝城市群城际铁路网","hsr-rails 或 OSM","成蒲铁路（成都-蒲江，200km/h）"
"P3","城际铁路","广佛环线","三、珠三角城际铁路网","hsr-rails 或 OSM","广佛环线（广州-佛山西环线）"
"P3","城际铁路","津蓟城际铁路","一、京津冀城际铁路网","hsr-rails 或 OSM","津蓟城际铁路（天津-蓟州，160km/h）"
"P3","城际铁路","琶莲城际铁路","三、珠三角城际铁路网","hsr-rails 或 OSM","琶莲城际铁路（琶洲-广州莲花山，200km/h，2025年通车）"
"P3","城际铁路","穗深城际铁路","三、珠三角城际铁路网","hsr-rails 或 OSM","穗深城际铁路（广州-东莞-深圳机场，140-160km/h）"